question,answer,category
What is the best time to irrigate wheat crop?,Irrigate wheat at crown root initiation (20-25 days after sowing), tillering, jointing, flowering and grain filling stages for best yield.,irrigation
How often should rice fields be irrigated?,Rice needs continuous shallow flooding of 2-5 cm during vegetative growth and can be given intermittent irrigation during ripening stage.,irrigation
What causes yellowing of leaves in tomato plants?,Yellowing can be caused by nitrogen deficiency overwatering root rot or early blight disease. Check soil moisture and leaf pattern to diagnose.,disease
How do I control aphids on cotton?,Use neem oil spray (5ml per litre of water) or introduce ladybird beetles as a natural predator. For severe infestation use approved insecticides like imidacloprid.,pest_control
What is the ideal soil pH for growing potatoes?,Potatoes grow best in slightly acidic soil with pH between 5.0 and 6.5.,soil
When should I apply nitrogen fertilizer to maize?,Apply nitrogen in three splits: 1/3 at sowing 1/3 at knee-high stage and 1/3 at tasseling for maximum maize yield.,fertilizer
How do I identify late blight in potato?,Late blight shows dark water-soaked spots on leaves with a white fungal growth on the underside during humid weather. Apply copper-based fungicides immediately.,disease
What is crop rotation and why is it important?,Crop rotation is growing different crops in sequence on the same land to improve soil health reduce pest buildup and increase yield.,farming_practice
How much water does sugarcane need per season?,Sugarcane requires around 1800-2500mm of water spread across the crop cycle depending on climate and soil type.,irrigation
What is the recommended NPK ratio for rice?,A general NPK ratio of 120:60:60 kg/ha (N:P:K) is recommended for high yielding rice varieties, adjusted based on soil testing.,fertilizer
How can I prevent fungal disease in groundnut?,Ensure proper drainage avoid waterlogging use certified disease-free seeds and apply fungicide like carbendazim if leaf spot appears.,disease
What is the best season to sow mustard in India?,Mustard is a rabi crop and is best sown between October and November.,farming_practice
How do I control whiteflies in cotton?,Use yellow sticky traps neem-based sprays or approved insecticides like acetamiprid. Avoid excess nitrogen which attracts whiteflies.,pest_control
What is the PM-KISAN scheme?,PM-KISAN provides income support of Rs 6000 per year to all landholding farmer families in three equal installments.,scheme
Who is eligible for Pradhan Mantri Fasal Bima Yojana?,All farmers including sharecroppers and tenant farmers growing notified crops in notified areas are eligible for this crop insurance scheme.,scheme
What documents are needed for Kisan Credit Card?,Aadhaar card land ownership records passport size photograph and bank passbook are typically required for KCC application.,scheme
How do I improve soil fertility naturally?,Use organic compost green manure crop rotation and avoid over-tilling to maintain soil microbial health and fertility.,soil
What is the ideal spacing for tomato planting?,Tomatoes should be planted with 45-60cm spacing between plants and 90cm between rows for good air circulation.,farming_practice
How do I detect nitrogen deficiency in crops?,Nitrogen deficiency shows as yellowing starting from older lower leaves, stunted growth and thin stems.,soil
What is the best fertilizer for banana cultivation?,Bananas need high potassium; apply a ratio close to 6:2:12 (N:P:K) along with organic manure for best fruit yield.,fertilizer
How can farmers protect crops from frost damage?,Light irrigation before frost nights smoke generation and covering young plants with straw can reduce frost damage.,farming_practice
What are common symptoms of powdery mildew?,White powdery spots on leaves and stems, leaf curling and stunted growth are common symptoms; apply sulfur-based fungicide.,disease
How much rainfall does cotton need?,Cotton grows best with 600-1200mm of well-distributed rainfall during the growing season.,irrigation
What is the eligibility for Soil Health Card scheme?,All farmers who own or cultivate agricultural land are eligible to receive a free Soil Health Card every 2 years.,scheme
How do I control stem borer in paddy?,Use pheromone traps, release Trichogramma parasitoids, and avoid excess nitrogen. Chemical control with cartap hydrochloride can be used if needed.,pest_control
What is intercropping and its benefits?,Intercropping is growing two or more crops together, improving land use efficiency, pest control and providing a safety net against crop failure.,farming_practice
How can I identify potassium deficiency in plants?,Potassium deficiency causes yellowing and browning at leaf edges (leaf scorch) and weak stems.,soil
What is the best irrigation method for water-scarce regions?,Drip irrigation is the most water-efficient method, delivering water directly to the root zone and reducing wastage by up to 50%.,irrigation
How do I manage fruit fly in mango orchards?,Use methyl eugenol traps, maintain orchard sanitation by removing fallen fruits, and spray neem-based bio-pesticide during flowering.,pest_control
What is the subsidy under PM Krishi Sinchai Yojana?,The scheme provides subsidy for micro-irrigation systems like drip and sprinkler, covering up to 55% for small farmers.,scheme
